Date,Actual,Prophet,Random_Forest,Linear_Regression
2023-11-03,12977,13612.033664915398,13589.64,13679.807134240895
2023-11-04,14549,13390.960844158724,14198.98,13513.044348297291
2023-11-05,14400,13574.401988910076,14122.31,13564.109757428523
2023-11-06,13323,13362.854154550167,13615.61,13492.520430957637
2023-11-07,13015,13578.13107952113,13662.78,13543.585840088897
2023-11-08,12883,13476.651717913885,13716.6,13594.651249220158
2023-11-09,12806,13572.59757212553,13679.57,13645.716658351419
2023-11-10,14567,13583.544873659563,13867.35,13696.782067482709
2023-11-11,14633,13394.22255408098,14075.84,13530.019281539076
2023-11-12,13585,13608.885444480298,13697.48,13581.084690670337
2023-11-13,13590,13427.268543494412,13424.34,13509.495364199422
2023-11-14,13684,13670.457347199535,13228.84,13560.560773330712
2023-11-15,14084,13594.192588019563,13449.79,13611.626182461943
2023-11-16,13784,13712.04244779883,13787.58,13662.691591593233
2023-11-17,12641,13741.04797380335,14200.34,13713.757000724523
2023-11-18,14554,13565.492363825095,13896.94,13546.99421478089
2023-11-19,12949,13789.28333193833,13631.92,13598.059623912151
2023-11-20,14683,13611.914221440518,13555.08,13526.470297441236
2023-11-21,13383,13854.33874091572,13735.05,13577.535706572526
2023-11-22,14412,13772.277610872488,14054.16,13628.601115703757
2023-11-23,13961,13879.390184185448,14040.28,13679.666524835047
2023-11-24,13044,13892.91682372358,14079.78,13730.731933966308
2023-11-25,14836,13697.442811972103,14666.61,13563.969148022705
2023-11-26,14558,13897.273163137328,14577.8,13615.034557153936
2023-11-27,13722,13692.384208690006,13363.08,13543.44523068305
2023-11-28,14710,13904.287076571538,13889.08,13594.51063981431
2023-11-29,14595,13789.321629072696,14012.94,13645.576048945572
2023-11-30,14635,13861.814226511713,13989.48,13696.641458076832
2023-12-01,11898,13839.705422771647,14146.53,13672.380433130456
2023-12-02,13200,13608.298701370417,14082.84,13505.617647186853
2023-12-03,13116,13772.619959809046,13730.28,13556.683056318085
2023-12-04,15286,13533.35394634377,13468.17,13485.093729847198
2023-12-05,13829,13712.693091200152,13840.36,13536.159138978459
2023-12-06,14194,13567.61760091383,13877.95,13587.22454810972
2023-12-07,11947,13613.040462306144,13321.5,13638.28995724098
2023-12-08,13462,13567.423711851961,13078.19,13689.35536637227
2023-12-09,11947,13316.517294427838,12267.9,13522.592580428638
2023-12-10,12569,13465.710396578335,13081.18,13573.657989559899
2023-12-11,11972,13215.96159498316,13443.67,13502.068663088983
2023-12-12,14068,13389.643356196924,12971.16,13553.134072220273
2023-12-13,14736,13243.819807039063,13389.05,13604.199481351505
2023-12-14,15429,13293.391429666379,14024.22,13655.264890482795
2023-12-15,14060,13256.713002483813,14356.93,13706.330299614056
2023-12-16,13471,13019.336036142327,13230.22,13539.567513670452
2023-12-17,14633,13186.365477494277,13425.31,13590.632922801684
2023-12-18,13331,12958.396875925488,13433.38,13519.043596330797
2023-12-19,11756,13157.369371702925,12960.75,13570.109005462058
2023-12-20,14965,13039.853223712747,12926.7,13621.174414593319
2023-12-21,12292,13120.205307763326,13393.6,13672.23982372458
2023-12-22,14136,13116.198668056706,13687.12,13723.30523285587
2023-12-23,13335,12912.777121975463,12320.33,13556.542446912237
2023-12-24,13433,13114.424436642828,12142.59,13607.607856043498
2023-12-25,12723,12921.114017158801,13517.97,13536.018529572611
2023-12-26,15858,13154.17421638966,12733.95,13587.083938703872
2023-12-27,13023,13069.587743486396,12448.77,13638.149347835133
2023-12-28,16271,13181.158375958954,13196.07,13689.214756966394
2023-12-29,13368,13206.150849360525,13660.97,13740.280166097684
2023-12-30,13156,13029.054737465029,12877.25,13573.517380154051
2023-12-31,11208,13253.961678414502,12900.43,13624.582789285312
2024-01-01,13244,13080.521750346457,14863.38,13425.860444732447
